-- =============================================================
-- ОНЛАЙН-ШКОЛА: 02_test_data.sql
-- Наполнение базы тестовыми данными (РАСШИРЕННЫЙ НАБОР x2)
-- Запускать ПОСЛЕ 01_setup.sql
-- =============================================================

-- -------------------------------------------------------------
-- 1. ПОЛЬЗОВАТЕЛИ
-- -------------------------------------------------------------

-- Администраторы
INSERT INTO school_core.users
    (id, email, password_hash, role, first_name, last_name, middle_name, phone)
VALUES 
(
    '00000000-0000-0000-0000-000000000001',
    'admin@school.ru', crypt('admin123', gen_salt('bf')), 'admin',
    'Иван', 'Петров', 'Сергеевич', '+7-900-000-00-01'
),
(
    '00000000-0000-0000-0000-000000000002',
    'admin2@school.ru', crypt('admin123', gen_salt('bf')), 'admin',
    'Петр', 'Сидоров', 'Алексеевич', '+7-900-000-00-02'
);

-- Преподаватели
INSERT INTO school_core.users
    (id, email, password_hash, role, first_name, last_name, middle_name, phone)
VALUES
(
    '00000000-0000-0000-0000-000000000010',
    'ivanova@school.ru', crypt('teacher123', gen_salt('bf')), 'teacher',
    'Мария', 'Иванова', 'Александровна', '+7-900-000-00-10'
),
(
    '00000000-0000-0000-0000-000000000011',
    'smirnov@school.ru', crypt('teacher123', gen_salt('bf')), 'teacher',
    'Алексей', 'Смирнов', 'Владимирович', '+7-900-000-00-11'
),
(
    '00000000-0000-0000-0000-000000000012',
    'kozlova@school.ru', crypt('teacher123', gen_salt('bf')), 'teacher',
    'Елена', 'Козлова', 'Николаевна', '+7-900-000-00-12'
),
(
    '00000000-0000-0000-0000-000000000013',
    'kuznetsov@school.ru', crypt('teacher123', gen_salt('bf')), 'teacher',
    'Игорь', 'Кузнецов', 'Дмитриевич', '+7-900-000-00-13'
),
(
    '00000000-0000-0000-0000-000000000014',
    'popova@school.ru', crypt('teacher123', gen_salt('bf')), 'teacher',
    'Светлана', 'Попова', 'Юрьевна', '+7-900-000-00-14'
),
(
    '00000000-0000-0000-0000-000000000015',
    'vasiliev@school.ru', crypt('teacher123', gen_salt('bf')), 'teacher',
    'Николай', 'Васильев', 'Андреевич', '+7-900-000-00-15'
);

-- Студенты
INSERT INTO school_core.users
    (id, email, password_hash, role, first_name, last_name, middle_name, phone)
VALUES
('00000000-0000-0000-0000-000000000020', 'student01@mail.ru', crypt('pass123', gen_salt('bf')), 'student', 'Анна', 'Соколова', 'Игоревна', '+7-900-000-00-20'),
('00000000-0000-0000-0000-000000000021', 'student02@mail.ru', crypt('pass123', gen_salt('bf')), 'student', 'Дмитрий', 'Новиков', 'Павлович', '+7-900-000-00-21'),
('00000000-0000-0000-0000-000000000022', 'student03@mail.ru', crypt('pass123', gen_salt('bf')), 'student', 'Ольга', 'Морозова', 'Сергеевна', '+7-900-000-00-22'),
('00000000-0000-0000-0000-000000000023', 'student04@mail.ru', crypt('pass123', gen_salt('bf')), 'student', 'Кирилл', 'Волков', 'Андреевич', '+7-900-000-00-23'),
('00000000-0000-0000-0000-000000000024', 'student05@mail.ru', crypt('pass123', gen_salt('bf')), 'student', 'Виктория', 'Лебедева', 'Михайловна', '+7-900-000-00-24'),
('00000000-0000-0000-0000-000000000025', 'student06@mail.ru', crypt('pass123', gen_salt('bf')), 'student', 'Артём', 'Зайцев', 'Денисович', '+7-900-000-00-25'),
('00000000-0000-0000-0000-000000000026', 'student07@mail.ru', crypt('pass123', gen_salt('bf')), 'student', 'Екатерина', 'Романова', 'Олеговна', '+7-900-000-00-26'),
('00000000-0000-0000-0000-000000000027', 'student08@mail.ru', crypt('pass123', gen_salt('bf')), 'student', 'Максим', 'Макаров', 'Ильич', '+7-900-000-00-27'),
('00000000-0000-0000-0000-000000000028', 'student09@mail.ru', crypt('pass123', gen_salt('bf')), 'student', 'Дарья', 'Орлова', 'Викторовна', '+7-900-000-00-28'),
('00000000-0000-0000-0000-000000000029', 'student10@mail.ru', crypt('pass123', gen_salt('bf')), 'student', 'Иван', 'Тихонов', 'Степанович', '+7-900-000-00-29'),
('00000000-0000-0000-0000-000000000030', 'student11@mail.ru', crypt('pass123', gen_salt('bf')), 'student', 'Мария', 'Власова', 'Борисовна', '+7-900-000-00-30'),
('00000000-0000-0000-0000-000000000031', 'student12@mail.ru', crypt('pass123', gen_salt('bf')), 'student', 'Алексей', 'Мельников', 'Григорьевич', '+7-900-000-00-31');

-- -------------------------------------------------------------
-- 2. ТЕМЫ
-- -------------------------------------------------------------
INSERT INTO school_edu.topics (id, name, description)
VALUES
('00000000-0000-0000-0001-000000000001', 'ЕГЭ', 'Подготовка к Единому государственному экзамену'),
('00000000-0000-0000-0001-000000000002', 'ОГЭ', 'Подготовка к Основному государственному экзамену'),
('00000000-0000-0000-0001-000000000003', 'ДВИ', 'Дополнительные вступительные испытания в ТОП-вузы'),
('00000000-0000-0000-0001-000000000004', 'Олимпиады', 'Подготовка к Всеросу и перечневым олимпиадам');

-- -------------------------------------------------------------
-- 3. КУРСЫ
-- -------------------------------------------------------------
INSERT INTO school_edu.courses
    (id, topic_id, title, subject, description, price_monthly, price_yearly)
VALUES
('00000000-0000-0000-0002-000000000001', '00000000-0000-0000-0001-000000000001', 'ЕГЭ по математике (профиль)', 'Математика', 'Углублённая подготовка к профильному ЕГЭ по математике.', 2900.00, 24900.00),
('00000000-0000-0000-0002-000000000002', '00000000-0000-0000-0001-000000000001', 'ЕГЭ по русскому языку', 'Русский язык', 'Подготовка к ЕГЭ по русскому языку.', 2500.00, 21900.00),
('00000000-0000-0000-0002-000000000003', '00000000-0000-0000-0001-000000000002', 'ОГЭ по математике', 'Математика', 'Подготовка к ОГЭ по математике для учеников 9 класса.', 1900.00, 16900.00),
('00000000-0000-0000-0002-000000000004', '00000000-0000-0000-0001-000000000001', 'ЕГЭ по физике', 'Физика', 'Подробный разбор всей школьной физики.', 2800.00, 23900.00),
('00000000-0000-0000-0002-000000000005', '00000000-0000-0000-0001-000000000002', 'ОГЭ по информатике', 'Информатика', 'Основы программирования и алгоритмики.', 2000.00, 17900.00),
('00000000-0000-0000-0002-000000000006', '00000000-0000-0000-0001-000000000004', 'Олимпиадная биология', 'Биология', 'Сложный уровень для победителей региона.', 3500.00, 29900.00);

-- -------------------------------------------------------------
-- 4. ПРЕПОДАВАТЕЛИ КУРСОВ
-- -------------------------------------------------------------
INSERT INTO school_edu.course_teachers (course_id, teacher_id)
VALUES
('00000000-0000-0000-0002-000000000001', '00000000-0000-0000-0000-000000000010'),
('00000000-0000-0000-0002-000000000001', '00000000-0000-0000-0000-000000000011'),
('00000000-0000-0000-0002-000000000002', '00000000-0000-0000-0000-000000000012'),
('00000000-0000-0000-0002-000000000003', '00000000-0000-0000-0000-000000000011'),
('00000000-0000-0000-0002-000000000004', '00000000-0000-0000-0000-000000000013'), -- Физика
('00000000-0000-0000-0002-000000000005', '00000000-0000-0000-0000-000000000015'), -- Информатика
('00000000-0000-0000-0002-000000000006', '00000000-0000-0000-0000-000000000014'); -- Биология

-- -------------------------------------------------------------
-- 5. МОДУЛИ
-- -------------------------------------------------------------
INSERT INTO school_edu.modules (id, course_id, title, order_index)
VALUES
('00000000-0000-0000-0003-000000000001', '00000000-0000-0000-0002-000000000001', 'Алгебра и начала анализа', 1),
('00000000-0000-0000-0003-000000000002', '00000000-0000-0000-0002-000000000001', 'Геометрия', 2),
('00000000-0000-0000-0003-000000000003', '00000000-0000-0000-0002-000000000001', 'Задания повышенной сложности', 3),
('00000000-0000-0000-0003-000000000004', '00000000-0000-0000-0002-000000000002', 'Орфография и пунктуация', 1),
('00000000-0000-0000-0003-000000000005', '00000000-0000-0000-0002-000000000002', 'Сочинение (задание 27)', 2),
('00000000-0000-0000-0003-000000000006', '00000000-0000-0000-0002-000000000003', 'Числа и вычисления', 1),
('00000000-0000-0000-0003-000000000007', '00000000-0000-0000-0002-000000000003', 'Уравнения и неравенства', 2),
('00000000-0000-0000-0003-000000000008', '00000000-0000-0000-0002-000000000004', 'Кинематика', 1),
('00000000-0000-0000-0003-000000000009', '00000000-0000-0000-0002-000000000004', 'Динамика', 2),
('00000000-0000-0000-0003-000000000010', '00000000-0000-0000-0002-000000000005', 'Основы программирования', 1),
('00000000-0000-0000-0003-000000000011', '00000000-0000-0000-0002-000000000005', 'Алгебра логики', 2),
('00000000-0000-0000-0003-000000000012', '00000000-0000-0000-0002-000000000006', 'Молекулярная биология', 1),
('00000000-0000-0000-0003-000000000013', '00000000-0000-0000-0002-000000000006', 'Генетика', 2);

-- -------------------------------------------------------------
-- 6. УРОКИ
-- -------------------------------------------------------------
INSERT INTO school_edu.lessons
    (id, module_id, title, lesson_type, order_index, video_url, webinar_url, webinar_scheduled_at, duration_minutes, is_published)
VALUES
('00000000-0000-0000-0004-000000000001', '00000000-0000-0000-0003-000000000001', 'Введение: структура ЕГЭ по математике', 'video', 1, 'https://video.school.ru/math-intro', NULL, NULL, 25, TRUE),
('00000000-0000-0000-0004-000000000002', '00000000-0000-0000-0003-000000000001', 'Производные и интегралы — вебинар', 'webinar', 2, NULL, 'https://webinar.school.ru/math-001', NOW() + INTERVAL '3 days', 90, TRUE),
('00000000-0000-0000-0004-000000000003', '00000000-0000-0000-0003-000000000001', 'Логарифмы: теория и практика', 'video', 3, 'https://video.school.ru/math-log', NULL, NULL, 40, TRUE),
('00000000-0000-0000-0004-000000000004', '00000000-0000-0000-0003-000000000002', 'Планиметрия: треугольники и окружности', 'video', 1, 'https://video.school.ru/math-geo1', NULL, NULL, 35, TRUE),
('00000000-0000-0000-0004-000000000005', '00000000-0000-0000-0003-000000000002', 'Стереометрия — вебинар', 'webinar', 2, NULL, 'https://webinar.school.ru/math-geo2', NOW() + INTERVAL '10 days', 90, TRUE),
('00000000-0000-0000-0004-000000000006', '00000000-0000-0000-0003-000000000004', 'Правописание корней слов', 'video', 1, 'https://video.school.ru/rus-orf1', NULL, NULL, 30, TRUE),
('00000000-0000-0000-0004-000000000007', '00000000-0000-0000-0003-000000000004', 'Знаки препинания в сложных предложениях', 'video', 2, 'https://video.school.ru/rus-punct', NULL, NULL, 35, TRUE),
('00000000-0000-0000-0004-000000000008', '00000000-0000-0000-0003-000000000006', 'Дроби и проценты', 'video', 1, 'https://video.school.ru/oge-frac', NULL, NULL, 28, TRUE),
('00000000-0000-0000-0004-000000000009', '00000000-0000-0000-0003-000000000006', 'Степени и корни', 'video', 2, 'https://video.school.ru/oge-pow', NULL, NULL, 32, TRUE),
('00000000-0000-0000-0004-000000000010', '00000000-0000-0000-0003-000000000008', 'Равномерное движение', 'video', 1, 'https://video.school.ru/phys-kin1', NULL, NULL, 30, TRUE),
('00000000-0000-0000-0004-000000000011', '00000000-0000-0000-0003-000000000008', 'Ускорение — вебинар', 'webinar', 2, NULL, 'https://webinar.school.ru/phys-001', NOW() + INTERVAL '2 days', 90, TRUE),
('00000000-0000-0000-0004-000000000012', '00000000-0000-0000-0003-000000000009', 'Законы Ньютона', 'video', 1, 'https://video.school.ru/phys-din1', NULL, NULL, 40, TRUE),
('00000000-0000-0000-0004-000000000013', '00000000-0000-0000-0003-000000000010', 'Введение в Python', 'video', 1, 'https://video.school.ru/info-py1', NULL, NULL, 45, TRUE),
('00000000-0000-0000-0004-000000000014', '00000000-0000-0000-0003-000000000010', 'Циклы', 'video', 2, 'https://video.school.ru/info-py2', NULL, NULL, 30, TRUE),
('00000000-0000-0000-0004-000000000015', '00000000-0000-0000-0003-000000000011', 'Таблицы истинности', 'webinar', 1, NULL, 'https://webinar.school.ru/info-001', NOW() + INTERVAL '5 days', 90, TRUE),
('00000000-0000-0000-0004-000000000016', '00000000-0000-0000-0003-000000000012', 'Строение клетки', 'video', 1, 'https://video.school.ru/bio-cell', NULL, NULL, 50, TRUE),
('00000000-0000-0000-0004-000000000017', '00000000-0000-0000-0003-000000000013', 'Законы Менделя', 'webinar', 1, NULL, 'https://webinar.school.ru/bio-001', NOW() + INTERVAL '7 days', 120, TRUE);

-- -------------------------------------------------------------
-- 7. ДОМАШНИЕ ЗАДАНИЯ
-- -------------------------------------------------------------
INSERT INTO school_edu.homeworks
    (id, lesson_id, title, description, check_type, max_score, deadline_hours)
VALUES
('00000000-0000-0000-0005-000000000001', '00000000-0000-0000-0004-000000000001', 'Тест: структура ЕГЭ', 'Ответьте на 10 вопросов о структуре ЕГЭ по математике.', 'auto', 10, 48),
('00000000-0000-0000-0005-000000000002', '00000000-0000-0000-0004-000000000002', 'Задачи на производные', 'Решите 5 задач на нахождение производной. Загрузите решение.', 'manual', 20, 72),
('00000000-0000-0000-0005-000000000003', '00000000-0000-0000-0004-000000000003', 'Самостоятельная работа: логарифмы', 'Решите задания №5, №7, №12 из демоварианта ЕГЭ.', 'manual', 15, 72),
('00000000-0000-0000-0005-000000000004', '00000000-0000-0000-0004-000000000004', 'Тест: планиметрия', 'Тест из 8 вопросов по планиметрии.', 'auto', 8, 48),
('00000000-0000-0000-0005-000000000005', '00000000-0000-0000-0004-000000000006', 'Упражнения на правописание корней', 'Выполните упражнения 1–20 из рабочей тетради.', 'manual', 20, 48),
('00000000-0000-0000-0005-000000000006', '00000000-0000-0000-0004-000000000008', 'Тест: дроби и проценты', 'Решите 12 задач на дроби и проценты.', 'auto', 12, 48),
('00000000-0000-0000-0005-000000000007', '00000000-0000-0000-0004-000000000010', 'Тест: формулы кинематики', 'Сопоставьте формулы с определениями.', 'auto', 10, 24),
('00000000-0000-0000-0005-000000000008', '00000000-0000-0000-0004-000000000011', 'Задачи на ускорение', 'Графический метод расчета ускорения.', 'manual', 15, 48),
('00000000-0000-0000-0005-000000000009', '00000000-0000-0000-0004-000000000013', 'Синтаксис Python', 'Пройти тест на знание базовых типов.', 'auto', 20, 48),
('00000000-0000-0000-0005-000000000010', '00000000-0000-0000-0004-000000000015', 'Построение таблиц', 'Построить таблицы истинности для 3 сложных логических выражений.', 'manual', 30, 72),
('00000000-0000-0000-0005-000000000011', '00000000-0000-0000-0004-000000000016', 'Органоиды клетки', 'Интерактивный тест с картинками.', 'auto', 15, 24),
('00000000-0000-0000-0005-000000000012', '00000000-0000-0000-0004-000000000017', 'Решение задач по генетике', 'Решить 3 задачи с расщеплением.', 'manual', 25, 48);

-- -------------------------------------------------------------
-- 8. ЗАЧИСЛЕНИЯ (через процедуру — триггеры отработают)
-- -------------------------------------------------------------
-- Студенты 1-6 (Базовый сет)
CALL school_edu.pr_enroll_student('00000000-0000-0000-0000-000000000020', '00000000-0000-0000-0002-000000000001', '00000000-0000-0000-0000-000000000001');
CALL school_edu.pr_enroll_student('00000000-0000-0000-0000-000000000021', '00000000-0000-0000-0002-000000000001', '00000000-0000-0000-0000-000000000001');
CALL school_edu.pr_enroll_student('00000000-0000-0000-0000-000000000022', '00000000-0000-0000-0002-000000000001', '00000000-0000-0000-0000-000000000001');
CALL school_edu.pr_enroll_student('00000000-0000-0000-0000-000000000023', '00000000-0000-0000-0002-000000000001', '00000000-0000-0000-0000-000000000001');
CALL school_edu.pr_enroll_student('00000000-0000-0000-0000-000000000024', '00000000-0000-0000-0002-000000000002', '00000000-0000-0000-0000-000000000001');
CALL school_edu.pr_enroll_student('00000000-0000-0000-0000-000000000025', '00000000-0000-0000-0002-000000000002', '00000000-0000-0000-0000-000000000001');
CALL school_edu.pr_enroll_student('00000000-0000-0000-0000-000000000020', '00000000-0000-0000-0002-000000000003', '00000000-0000-0000-0000-000000000001');
CALL school_edu.pr_enroll_student('00000000-0000-0000-0000-000000000021', '00000000-0000-0000-0002-000000000003', '00000000-0000-0000-0000-000000000001');

-- Студенты 7-12 (Новый сет x2)
CALL school_edu.pr_enroll_student('00000000-0000-0000-0000-000000000026', '00000000-0000-0000-0002-000000000004', '00000000-0000-0000-0000-000000000002');
CALL school_edu.pr_enroll_student('00000000-0000-0000-0000-000000000026', '00000000-0000-0000-0002-000000000005', '00000000-0000-0000-0000-000000000002');
CALL school_edu.pr_enroll_student('00000000-0000-0000-0000-000000000027', '00000000-0000-0000-0002-000000000004', '00000000-0000-0000-0000-000000000002');
CALL school_edu.pr_enroll_student('00000000-0000-0000-0000-000000000028', '00000000-0000-0000-0002-000000000006', '00000000-0000-0000-0000-000000000002');
CALL school_edu.pr_enroll_student('00000000-0000-0000-0000-000000000029', '00000000-0000-0000-0002-000000000005', '00000000-0000-0000-0000-000000000002');
CALL school_edu.pr_enroll_student('00000000-0000-0000-0000-000000000030', '00000000-0000-0000-0002-000000000006', '00000000-0000-0000-0000-000000000002');
CALL school_edu.pr_enroll_student('00000000-0000-0000-0000-000000000030', '00000000-0000-0000-0002-000000000002', '00000000-0000-0000-0000-000000000002');
CALL school_edu.pr_enroll_student('00000000-0000-0000-0000-000000000031', '00000000-0000-0000-0002-000000000004', '00000000-0000-0000-0000-000000000002');

-- -------------------------------------------------------------
-- 9. ПЛАТЕЖИ (через процедуру)
-- -------------------------------------------------------------
-- Базовый сет
CALL school_fin.pr_record_payment('00000000-0000-0000-0000-000000000020'::uuid, '00000000-0000-0000-0002-000000000001'::uuid, 24900.00, 'yearly'::school_fin.subscription_type, (CURRENT_DATE - INTERVAL '2 months')::date, '00000000-0000-0000-0000-000000000001'::uuid, 'Годовая оплата, скидка 10%'::text);
CALL school_fin.pr_record_payment('00000000-0000-0000-0000-000000000021'::uuid, '00000000-0000-0000-0002-000000000001'::uuid, 2900.00, 'monthly'::school_fin.subscription_type, (CURRENT_DATE - INTERVAL '1 month')::date, '00000000-0000-0000-0000-000000000001'::uuid, NULL);
CALL school_fin.pr_record_payment('00000000-0000-0000-0000-000000000022'::uuid, '00000000-0000-0000-0002-000000000001'::uuid, 2900.00, 'monthly'::school_fin.subscription_type, CURRENT_DATE, '00000000-0000-0000-0000-000000000001'::uuid, NULL);
CALL school_fin.pr_record_payment('00000000-0000-0000-0000-000000000023'::uuid, '00000000-0000-0000-0002-000000000001'::uuid, 24900.00, 'yearly'::school_fin.subscription_type, (CURRENT_DATE - INTERVAL '3 months')::date, '00000000-0000-0000-0000-000000000001'::uuid, NULL);
CALL school_fin.pr_record_payment('00000000-0000-0000-0000-000000000024'::uuid, '00000000-0000-0000-0002-000000000002'::uuid, 21900.00, 'yearly'::school_fin.subscription_type, (CURRENT_DATE - INTERVAL '1 month')::date, '00000000-0000-0000-0000-000000000001'::uuid, NULL);
CALL school_fin.pr_record_payment('00000000-0000-0000-0000-000000000025'::uuid, '00000000-0000-0000-0002-000000000002'::uuid, 2500.00, 'monthly'::school_fin.subscription_type, (CURRENT_DATE - INTERVAL '2 months')::date, '00000000-0000-0000-0000-000000000001'::uuid, NULL);
CALL school_fin.pr_record_payment('00000000-0000-0000-0000-000000000020'::uuid, '00000000-0000-0000-0002-000000000003'::uuid, 16900.00, 'yearly'::school_fin.subscription_type, (CURRENT_DATE - INTERVAL '1 month')::date, '00000000-0000-0000-0000-000000000001'::uuid, NULL);

-- Новый сет (Студенты 7-12)
CALL school_fin.pr_record_payment('00000000-0000-0000-0000-000000000026'::uuid, '00000000-0000-0000-0002-000000000004'::uuid, 23900.00, 'yearly'::school_fin.subscription_type, (CURRENT_DATE - INTERVAL '4 months')::date, '00000000-0000-0000-0000-000000000002'::uuid, 'Раннее бронирование');
CALL school_fin.pr_record_payment('00000000-0000-0000-0000-000000000026'::uuid, '00000000-0000-0000-0002-000000000005'::uuid, 2000.00, 'monthly'::school_fin.subscription_type, (CURRENT_DATE - INTERVAL '10 days')::date, '00000000-0000-0000-0000-000000000002'::uuid, NULL);
CALL school_fin.pr_record_payment('00000000-0000-0000-0000-000000000027'::uuid, '00000000-0000-0000-0002-000000000004'::uuid, 2800.00, 'monthly'::school_fin.subscription_type, (CURRENT_DATE - INTERVAL '5 days')::date, '00000000-0000-0000-0000-000000000002'::uuid, NULL);
CALL school_fin.pr_record_payment('00000000-0000-0000-0000-000000000028'::uuid, '00000000-0000-0000-0002-000000000006'::uuid, 29900.00, 'yearly'::school_fin.subscription_type, (CURRENT_DATE - INTERVAL '6 months')::date, '00000000-0000-0000-0000-000000000002'::uuid, 'Полная оплата олимпиады');
CALL school_fin.pr_record_payment('00000000-0000-0000-0000-000000000029'::uuid, '00000000-0000-0000-0002-000000000005'::uuid, 17900.00, 'yearly'::school_fin.subscription_type, (CURRENT_DATE - INTERVAL '1 month')::date, '00000000-0000-0000-0000-000000000002'::uuid, NULL);
CALL school_fin.pr_record_payment('00000000-0000-0000-0000-000000000030'::uuid, '00000000-0000-0000-0002-000000000006'::uuid, 3500.00, 'monthly'::school_fin.subscription_type, CURRENT_DATE, '00000000-0000-0000-0000-000000000002'::uuid, NULL);
CALL school_fin.pr_record_payment('00000000-0000-0000-0000-000000000031'::uuid, '00000000-0000-0000-0002-000000000004'::uuid, 2800.00, 'monthly'::school_fin.subscription_type, (CURRENT_DATE - INTERVAL '15 days')::date, '00000000-0000-0000-0000-000000000002'::uuid, NULL);

-- -------------------------------------------------------------
-- 10. ПРОГРЕСС ПО УРОКАМ
-- -------------------------------------------------------------
INSERT INTO school_edu.lesson_progress
    (student_id, lesson_id, is_completed, last_viewed_at)
VALUES
-- Базовый сет
('00000000-0000-0000-0000-000000000020', '00000000-0000-0000-0004-000000000001', TRUE,  NOW() - INTERVAL '5 days'),
('00000000-0000-0000-0000-000000000020', '00000000-0000-0000-0004-000000000003', TRUE,  NOW() - INTERVAL '3 days'),
('00000000-0000-0000-0000-000000000020', '00000000-0000-0000-0004-000000000004', TRUE,  NOW() - INTERVAL '2 days'),
('00000000-0000-0000-0000-000000000020', '00000000-0000-0000-0004-000000000008', TRUE,  NOW() - INTERVAL '1 day'),
('00000000-0000-0000-0000-000000000021', '00000000-0000-0000-0004-000000000001', TRUE,  NOW() - INTERVAL '10 days'),
('00000000-0000-0000-0000-000000000021', '00000000-0000-0000-0004-000000000003', FALSE, NOW() - INTERVAL '7 days'),
('00000000-0000-0000-0000-000000000022', '00000000-0000-0000-0004-000000000001', FALSE, NOW() - INTERVAL '1 day'),
('00000000-0000-0000-0000-000000000023', '00000000-0000-0000-0004-000000000001', TRUE,  NOW() - INTERVAL '20 days'),
('00000000-0000-0000-0000-000000000023', '00000000-0000-0000-0004-000000000003', TRUE,  NOW() - INTERVAL '18 days'),
('00000000-0000-0000-0000-000000000023', '00000000-0000-0000-0004-000000000004', TRUE,  NOW() - INTERVAL '15 days'),
('00000000-0000-0000-0000-000000000024', '00000000-0000-0000-0004-000000000006', TRUE,  NOW() - INTERVAL '4 days'),
('00000000-0000-0000-0000-000000000024', '00000000-0000-0000-0004-000000000007', FALSE, NOW() - INTERVAL '1 day'),
('00000000-0000-0000-0000-000000000025', '00000000-0000-0000-0004-000000000006', FALSE, NOW() - INTERVAL '20 days'),

-- Новый сет (Физика, Инфа, Биология)
('00000000-0000-0000-0000-000000000026', '00000000-0000-0000-0004-000000000010', TRUE,  NOW() - INTERVAL '8 days'),
('00000000-0000-0000-0000-000000000026', '00000000-0000-0000-0004-000000000012', FALSE, NOW() - INTERVAL '2 days'),
('00000000-0000-0000-0000-000000000026', '00000000-0000-0000-0004-000000000013', TRUE,  NOW() - INTERVAL '5 days'),
('00000000-0000-0000-0000-000000000027', '00000000-0000-0000-0004-000000000010', TRUE,  NOW() - INTERVAL '1 day'),
('00000000-0000-0000-0000-000000000028', '00000000-0000-0000-0004-000000000016', TRUE,  NOW() - INTERVAL '10 days'),
('00000000-0000-0000-0000-000000000029', '00000000-0000-0000-0004-000000000013', TRUE,  NOW() - INTERVAL '6 days'),
('00000000-0000-0000-0000-000000000029', '00000000-0000-0000-0004-000000000014', TRUE,  NOW() - INTERVAL '3 days'),
('00000000-0000-0000-0000-000000000030', '00000000-0000-0000-0004-000000000016', FALSE, NOW() - INTERVAL '1 day'),
('00000000-0000-0000-0000-000000000031', '00000000-0000-0000-0004-000000000010', TRUE,  NOW() - INTERVAL '4 days');

-- -------------------------------------------------------------
-- 11. СДАЧИ ДОМАШНИХ ЗАДАНИЙ
-- -------------------------------------------------------------
INSERT INTO school_edu.homework_submissions
    (homework_id, student_id, answer_text, status, score, checked_by, checked_at)
VALUES
-- Базовый сет
('00000000-0000-0000-0005-000000000001', '00000000-0000-0000-0000-000000000020', 'Ответы: 1-Б, 2-А, 3-В...', 'submitted', NULL, NULL, NULL),
('00000000-0000-0000-0005-000000000004', '00000000-0000-0000-0000-000000000020', 'Ответы: 1-А, 2-В, 3-Б...', 'submitted', NULL, NULL, NULL),
('00000000-0000-0000-0005-000000000006', '00000000-0000-0000-0000-000000000020', 'Ответы: 1-В, 2-А, 3-Б...', 'submitted', NULL, NULL, NULL),
('00000000-0000-0000-0005-000000000001', '00000000-0000-0000-0000-000000000021', 'Ответы: 1-А, 2-В, 3-А...', 'submitted', NULL, NULL, NULL),
('00000000-0000-0000-0005-000000000002', '00000000-0000-0000-0000-000000000021', 'Задача 1: f(x)=2x+3...', 'submitted', NULL, NULL, NULL),
('00000000-0000-0000-0005-000000000002', '00000000-0000-0000-0000-000000000023', 'Полные решения...', 'checked', 18, '00000000-0000-0000-0000-000000000010', NOW() - INTERVAL '14 days'),
('00000000-0000-0000-0005-000000000003', '00000000-0000-0000-0000-000000000023', 'Решения заданий №5...', 'checked', 13, '00000000-0000-0000-0000-000000000010', NOW() - INTERVAL '12 days'),
('00000000-0000-0000-0005-000000000005', '00000000-0000-0000-0000-000000000024', 'Выполнила упражнения...', 'submitted', NULL, NULL, NULL),

-- Новый сет (Автопроверки сработают триггером, ручные ожидают)
('00000000-0000-0000-0005-000000000007', '00000000-0000-0000-0000-000000000026', 'Ответы на тест по кинематике', 'submitted', NULL, NULL, NULL),
('00000000-0000-0000-0005-000000000009', '00000000-0000-0000-0000-000000000026', 'Тест синтаксис Python', 'submitted', NULL, NULL, NULL),
('00000000-0000-0000-0005-000000000007', '00000000-0000-0000-0000-000000000027', 'Мои ответы: А-2, Б-1...', 'submitted', NULL, NULL, NULL),
('00000000-0000-0000-0005-000000000011', '00000000-0000-0000-0000-000000000028', 'Выбраны органоиды', 'submitted', NULL, NULL, NULL),
('00000000-0000-0000-0005-000000000009', '00000000-0000-0000-0000-000000000029', 'Тест Python сдан', 'submitted', NULL, NULL, NULL),
('00000000-0000-0000-0005-000000000010', '00000000-0000-0000-0000-000000000029', 'Таблицы истинности прикреплены в Excel-файле', 'submitted', NULL, NULL, NULL),
('00000000-0000-0000-0005-000000000012', '00000000-0000-0000-0000-000000000028', 'Задачи Менделя решены', 'checked', 23, '00000000-0000-0000-0000-000000000014', NOW() - INTERVAL '2 days');

-- -------------------------------------------------------------
-- 12. ЛОГИ АКТИВНОСТИ (login)
-- -------------------------------------------------------------
INSERT INTO school_audit.activity_log
    (user_id, action, entity_type, entity_id, metadata)
VALUES
('00000000-0000-0000-0000-000000000020', 'login', NULL, NULL, '{"ip": "192.168.1.1"}'::JSONB),
('00000000-0000-0000-0000-000000000021', 'login', NULL, NULL, '{"ip": "10.0.0.2"}'::JSONB),
('00000000-0000-0000-0000-000000000022', 'login', NULL, NULL, '{"ip": "10.0.0.3"}'::JSONB),
('00000000-0000-0000-0000-000000000023', 'login', NULL, NULL, '{"ip": "172.16.0.4"}'::JSONB),
('00000000-0000-0000-0000-000000000024', 'login', NULL, NULL, '{"ip": "172.16.0.5"}'::JSONB),
('00000000-0000-0000-0000-000000000026', 'login', NULL, NULL, '{"ip": "192.168.1.100"}'::JSONB),
('00000000-0000-0000-0000-000000000027', 'login', NULL, NULL, '{"ip": "192.168.1.101"}'::JSONB),
('00000000-0000-0000-0000-000000000028', 'login', NULL, NULL, '{"ip": "192.168.1.102"}'::JSONB),
('00000000-0000-0000-0000-000000000029', 'login', NULL, NULL, '{"ip": "10.0.0.10"}'::JSONB),
('00000000-0000-0000-0000-000000000030', 'login', NULL, NULL, '{"ip": "172.16.0.50"}'::JSONB),
('00000000-0000-0000-0000-000000000031', 'login', NULL, NULL, '{"ip": "172.16.0.51"}'::JSONB);

-- -------------------------------------------------------------
-- 13. ОБНОВЛЯЕМ MATERIALIZED VIEWS
-- -------------------------------------------------------------
SELECT school_audit.refresh_all_materialized_views();

DO $$
BEGIN
    RAISE NOTICE '===========================================';
    RAISE NOTICE 'Тестовые данные (РАСШИРЕННЫЕ x2) успешно загружены!';
    RAISE NOTICE 'Пользователи:   2 admin, 6 teacher, 12 student';
    RAISE NOTICE 'Темы: 4, Курсы: 6, Модули: 13, Уроки: 17';
    RAISE NOTICE 'ДЗ: 12, Зачисления: 16, Платежи: 14';
    RAISE NOTICE '===========================================';
END;
$$;