-- =============================================================
-- ОНЛАЙН-ШКОЛА: 02_test_data.sql
-- Наполнение базы тестовыми данными
-- Запускать ПОСЛЕ 01_setup.sql
-- =============================================================

-- -------------------------------------------------------------
-- 1. ПОЛЬЗОВАТЕЛИ
-- -------------------------------------------------------------

-- Администратор
INSERT INTO school_core.users
    (id, email, password_hash, role, first_name, last_name, middle_name, phone)
VALUES (
    '00000000-0000-0000-0000-000000000001',
    'admin@school.ru',
    crypt('admin123', gen_salt('bf')),
    'admin',
    'Иван', 'Петров', 'Сергеевич',
    '+7-900-000-00-01'
);

-- Преподаватели
INSERT INTO school_core.users
    (id, email, password_hash, role, first_name, last_name, middle_name, phone)
VALUES
(
    '00000000-0000-0000-0000-000000000010',
    'ivanova@school.ru',
    crypt('teacher123', gen_salt('bf')),
    'teacher',
    'Мария', 'Иванова', 'Александровна',
    '+7-900-000-00-10'
),
(
    '00000000-0000-0000-0000-000000000011',
    'smirnov@school.ru',
    crypt('teacher123', gen_salt('bf')),
    'teacher',
    'Алексей', 'Смирнов', 'Владимирович',
    '+7-900-000-00-11'
),
(
    '00000000-0000-0000-0000-000000000012',
    'kozlova@school.ru',
    crypt('teacher123', gen_salt('bf')),
    'teacher',
    'Елена', 'Козлова', 'Николаевна',
    '+7-900-000-00-12'
);

-- Студенты
INSERT INTO school_core.users
    (id, email, password_hash, role, first_name, last_name, middle_name, phone)
VALUES
(
    '00000000-0000-0000-0000-000000000020',
    'student01@mail.ru',
    crypt('pass123', gen_salt('bf')),
    'student', 'Анна', 'Соколова', 'Игоревна',
    '+7-900-000-00-20'
),
(
    '00000000-0000-0000-0000-000000000021',
    'student02@mail.ru',
    crypt('pass123', gen_salt('bf')),
    'student', 'Дмитрий', 'Новиков', 'Павлович',
    '+7-900-000-00-21'
),
(
    '00000000-0000-0000-0000-000000000022',
    'student03@mail.ru',
    crypt('pass123', gen_salt('bf')),
    'student', 'Ольга', 'Морозова', 'Сергеевна',
    '+7-900-000-00-22'
),
(
    '00000000-0000-0000-0000-000000000023',
    'student04@mail.ru',
    crypt('pass123', gen_salt('bf')),
    'student', 'Кирилл', 'Волков', 'Андреевич',
    '+7-900-000-00-23'
),
(
    '00000000-0000-0000-0000-000000000024',
    'student05@mail.ru',
    crypt('pass123', gen_salt('bf')),
    'student', 'Виктория', 'Лебедева', 'Михайловна',
    '+7-900-000-00-24'
),
(
    '00000000-0000-0000-0000-000000000025',
    'student06@mail.ru',
    crypt('pass123', gen_salt('bf')),
    'student', 'Артём', 'Зайцев', 'Денисович',
    '+7-900-000-00-25'
);

-- -------------------------------------------------------------
-- 2. ТЕМЫ
-- -------------------------------------------------------------
INSERT INTO school_edu.topics (id, name, description)
VALUES
(
    '00000000-0000-0000-0001-000000000001',
    'ЕГЭ',
    'Подготовка к Единому государственному экзамену'
),
(
    '00000000-0000-0000-0001-000000000002',
    'ОГЭ',
    'Подготовка к Основному государственному экзамену'
);

-- -------------------------------------------------------------
-- 3. КУРСЫ
-- -------------------------------------------------------------
INSERT INTO school_edu.courses
    (id, topic_id, title, subject, description, price_monthly, price_yearly)
VALUES
(
    '00000000-0000-0000-0002-000000000001',
    '00000000-0000-0000-0001-000000000001',
    'ЕГЭ по математике (профиль)',
    'Математика',
    'Углублённая подготовка к профильному ЕГЭ по математике. '
    'Разборы всех типов заданий, практика, вебинары.',
    2900.00, 24900.00
),
(
    '00000000-0000-0000-0002-000000000002',
    '00000000-0000-0000-0001-000000000001',
    'ЕГЭ по русскому языку',
    'Русский язык',
    'Подготовка к ЕГЭ по русскому языку. '
    'Теория, практика, написание сочинений.',
    2500.00, 21900.00
),
(
    '00000000-0000-0000-0002-000000000003',
    '00000000-0000-0000-0001-000000000002',
    'ОГЭ по математике',
    'Математика',
    'Подготовка к ОГЭ по математике для учеников 9 класса.',
    1900.00, 16900.00
);

-- -------------------------------------------------------------
-- 4. ПРЕПОДАВАТЕЛИ КУРСОВ
-- -------------------------------------------------------------
INSERT INTO school_edu.course_teachers (course_id, teacher_id)
VALUES
-- ЕГЭ математика — два преподавателя
(
    '00000000-0000-0000-0002-000000000001',
    '00000000-0000-0000-0000-000000000010'
),
(
    '00000000-0000-0000-0002-000000000001',
    '00000000-0000-0000-0000-000000000011'
),
-- ЕГЭ русский — один преподаватель
(
    '00000000-0000-0000-0002-000000000002',
    '00000000-0000-0000-0000-000000000012'
),
-- ОГЭ математика — один преподаватель
(
    '00000000-0000-0000-0002-000000000003',
    '00000000-0000-0000-0000-000000000011'
);

-- -------------------------------------------------------------
-- 5. МОДУЛИ
-- -------------------------------------------------------------
-- ЕГЭ Математика: модули
INSERT INTO school_edu.modules (id, course_id, title, order_index)
VALUES
(
    '00000000-0000-0000-0003-000000000001',
    '00000000-0000-0000-0002-000000000001',
    'Алгебра и начала анализа', 1
),
(
    '00000000-0000-0000-0003-000000000002',
    '00000000-0000-0000-0002-000000000001',
    'Геометрия', 2
),
(
    '00000000-0000-0000-0003-000000000003',
    '00000000-0000-0000-0002-000000000001',
    'Задания повышенной сложности', 3
);

-- ЕГЭ Русский язык: модули
INSERT INTO school_edu.modules (id, course_id, title, order_index)
VALUES
(
    '00000000-0000-0000-0003-000000000004',
    '00000000-0000-0000-0002-000000000002',
    'Орфография и пунктуация', 1
),
(
    '00000000-0000-0000-0003-000000000005',
    '00000000-0000-0000-0002-000000000002',
    'Сочинение (задание 27)', 2
);

-- ОГЭ Математика: модули
INSERT INTO school_edu.modules (id, course_id, title, order_index)
VALUES
(
    '00000000-0000-0000-0003-000000000006',
    '00000000-0000-0000-0002-000000000003',
    'Числа и вычисления', 1
),
(
    '00000000-0000-0000-0003-000000000007',
    '00000000-0000-0000-0002-000000000003',
    'Уравнения и неравенства', 2
);

-- -------------------------------------------------------------
-- 6. УРОКИ
-- -------------------------------------------------------------
-- Модуль 1: Алгебра (ЕГЭ Математика)
INSERT INTO school_edu.lessons
    (id, module_id, title, lesson_type, order_index,
     video_url, webinar_url, webinar_scheduled_at,
     duration_minutes, is_published)
VALUES
(
    '00000000-0000-0000-0004-000000000001',
    '00000000-0000-0000-0003-000000000001',
    'Введение: структура ЕГЭ по математике',
    'video', 1,
    'https://video.school.ru/math-intro', NULL, NULL,
    25, TRUE
),
(
    '00000000-0000-0000-0004-000000000002',
    '00000000-0000-0000-0003-000000000001',
    'Производные и интегралы — вебинар',
    'webinar', 2,
    NULL,
    'https://webinar.school.ru/math-001',
    NOW() + INTERVAL '3 days',
    90, TRUE
),
(
    '00000000-0000-0000-0004-000000000003',
    '00000000-0000-0000-0003-000000000001',
    'Логарифмы: теория и практика',
    'video', 3,
    'https://video.school.ru/math-log', NULL, NULL,
    40, TRUE
);

-- Модуль 2: Геометрия (ЕГЭ Математика)
INSERT INTO school_edu.lessons
    (id, module_id, title, lesson_type, order_index,
     video_url, webinar_url, webinar_scheduled_at,
     duration_minutes, is_published)
VALUES
(
    '00000000-0000-0000-0004-000000000004',
    '00000000-0000-0000-0003-000000000002',
    'Планиметрия: треугольники и окружности',
    'video', 1,
    'https://video.school.ru/math-geo1', NULL, NULL,
    35, TRUE
),
(
    '00000000-0000-0000-0004-000000000005',
    '00000000-0000-0000-0003-000000000002',
    'Стереометрия — вебинар',
    'webinar', 2,
    NULL,
    'https://webinar.school.ru/math-geo2',
    NOW() + INTERVAL '10 days',
    90, TRUE
);

-- Модуль 1: Орфография (ЕГЭ Русский)
INSERT INTO school_edu.lessons
    (id, module_id, title, lesson_type, order_index,
     video_url, webinar_url, webinar_scheduled_at,
     duration_minutes, is_published)
VALUES
(
    '00000000-0000-0000-0004-000000000006',
    '00000000-0000-0000-0003-000000000004',
    'Правописание корней слов',
    'video', 1,
    'https://video.school.ru/rus-orf1', NULL, NULL,
    30, TRUE
),
(
    '00000000-0000-0000-0004-000000000007',
    '00000000-0000-0000-0003-000000000004',
    'Знаки препинания в сложных предложениях',
    'video', 2,
    'https://video.school.ru/rus-punct', NULL, NULL,
    35, TRUE
);

-- Модуль 1: ОГЭ Числа
INSERT INTO school_edu.lessons
    (id, module_id, title, lesson_type, order_index,
     video_url, webinar_url, webinar_scheduled_at,
     duration_minutes, is_published)
VALUES
(
    '00000000-0000-0000-0004-000000000008',
    '00000000-0000-0000-0003-000000000006',
    'Дроби и проценты',
    'video', 1,
    'https://video.school.ru/oge-frac', NULL, NULL,
    28, TRUE
),
(
    '00000000-0000-0000-0004-000000000009',
    '00000000-0000-0000-0003-000000000006',
    'Степени и корни',
    'video', 2,
    'https://video.school.ru/oge-pow', NULL, NULL,
    32, TRUE
);

-- -------------------------------------------------------------
-- 7. ДОМАШНИЕ ЗАДАНИЯ
-- -------------------------------------------------------------
INSERT INTO school_edu.homeworks
    (id, lesson_id, title, description, check_type, max_score, deadline_hours)
VALUES
-- Видео: ДЗ с автопроверкой (тест)
(
    '00000000-0000-0000-0005-000000000001',
    '00000000-0000-0000-0004-000000000001',
    'Тест: структура ЕГЭ',
    'Ответьте на 10 вопросов о структуре ЕГЭ по математике.',
    'auto', 10, 48
),
-- Вебинар: ДЗ с ручной проверкой
(
    '00000000-0000-0000-0005-000000000002',
    '00000000-0000-0000-0004-000000000002',
    'Задачи на производные',
    'Решите 5 задач на нахождение производной. Загрузите решение.',
    'manual', 20, 72
),
-- Видео: Логарифмы, ручная проверка
(
    '00000000-0000-0000-0005-000000000003',
    '00000000-0000-0000-0004-000000000003',
    'Самостоятельная работа: логарифмы',
    'Решите задания №5, №7, №12 из демоварианта ЕГЭ.',
    'manual', 15, 72
),
-- Геометрия, автопроверка
(
    '00000000-0000-0000-0005-000000000004',
    '00000000-0000-0000-0004-000000000004',
    'Тест: планиметрия',
    'Тест из 8 вопросов по планиметрии.',
    'auto', 8, 48
),
-- Русский, ручная проверка
(
    '00000000-0000-0000-0005-000000000005',
    '00000000-0000-0000-0004-000000000006',
    'Упражнения на правописание корней',
    'Выполните упражнения 1–20 из рабочей тетради.',
    'manual', 20, 48
),
-- ОГЭ, автопроверка
(
    '00000000-0000-0000-0005-000000000006',
    '00000000-0000-0000-0004-000000000008',
    'Тест: дроби и проценты',
    'Решите 12 задач на дроби и проценты.',
    'auto', 12, 48
);

-- -------------------------------------------------------------
-- 8. ЗАЧИСЛЕНИЯ (через процедуру — триггеры отработают)
-- -------------------------------------------------------------
CALL school_edu.pr_enroll_student(
    '00000000-0000-0000-0000-000000000020',   -- Соколова
    '00000000-0000-0000-0002-000000000001',   -- ЕГЭ Математика
    '00000000-0000-0000-0000-000000000001'    -- admin
);
CALL school_edu.pr_enroll_student(
    '00000000-0000-0000-0000-000000000021',   -- Новиков
    '00000000-0000-0000-0002-000000000001',
    '00000000-0000-0000-0000-000000000001'
);
CALL school_edu.pr_enroll_student(
    '00000000-0000-0000-0000-000000000022',   -- Морозова
    '00000000-0000-0000-0002-000000000001',
    '00000000-0000-0000-0000-000000000001'
);
CALL school_edu.pr_enroll_student(
    '00000000-0000-0000-0000-000000000023',   -- Волков
    '00000000-0000-0000-0002-000000000001',
    '00000000-0000-0000-0000-000000000001'
);
CALL school_edu.pr_enroll_student(
    '00000000-0000-0000-0000-000000000024',   -- Лебедева
    '00000000-0000-0000-0002-000000000002',   -- ЕГЭ Русский
    '00000000-0000-0000-0000-000000000001'
);
CALL school_edu.pr_enroll_student(
    '00000000-0000-0000-0000-000000000025',   -- Зайцев
    '00000000-0000-0000-0002-000000000002',
    '00000000-0000-0000-0000-000000000001'
);
CALL school_edu.pr_enroll_student(
    '00000000-0000-0000-0000-000000000020',   -- Соколова ещё на ОГЭ
    '00000000-0000-0000-0002-000000000003',   -- ОГЭ Математика
    '00000000-0000-0000-0000-000000000001'
);
CALL school_edu.pr_enroll_student(
    '00000000-0000-0000-0000-000000000021',   -- Новиков на ОГЭ
    '00000000-0000-0000-0002-000000000003',
    '00000000-0000-0000-0000-000000000001'
);

-- -------------------------------------------------------------
-- 9. ПЛАТЕЖИ (через процедуру)
-- -------------------------------------------------------------
CALL school_fin.pr_record_payment(
    '00000000-0000-0000-0000-000000000020'::uuid,
    '00000000-0000-0000-0002-000000000001'::uuid,
    24900.00,
    'yearly'::school_fin.subscription_type,                -- если это enum
    (CURRENT_DATE - INTERVAL '2 months')::date,       -- если требуется date
    '00000000-0000-0000-0000-000000000001'::uuid,
    'Годовая оплата, скидка 10%'::text
);
CALL school_fin.pr_record_payment(
    '00000000-0000-0000-0000-000000000021'::uuid,
    '00000000-0000-0000-0002-000000000001'::uuid,
    2900.00, 'monthly'::school_fin.subscription_type,
    (CURRENT_DATE - INTERVAL '1 month')::date,
    '00000000-0000-0000-0000-000000000001'::uuid,
    NULL
);
CALL school_fin.pr_record_payment(
    '00000000-0000-0000-0000-000000000022'::uuid,
    '00000000-0000-0000-0002-000000000001'::uuid,
    2900.00, 'monthly'::school_fin.subscription_type,
    CURRENT_DATE,
    '00000000-0000-0000-0000-000000000001'::uuid,
    NULL
);
CALL school_fin.pr_record_payment(
    '00000000-0000-0000-0000-000000000023'::uuid,
    '00000000-0000-0000-0002-000000000001'::uuid,
    24900.00, 'yearly'::school_fin.subscription_type,
    (CURRENT_DATE - INTERVAL '3 months')::date,
    '00000000-0000-0000-0000-000000000001'::uuid,
    NULL
);
CALL school_fin.pr_record_payment(
    '00000000-0000-0000-0000-000000000024'::uuid,
    '00000000-0000-0000-0002-000000000002'::uuid,
    21900.00, 'yearly'::school_fin.subscription_type,
    (CURRENT_DATE - INTERVAL '1 month')::date,
    '00000000-0000-0000-0000-000000000001'::uuid,
    NULL
);
CALL school_fin.pr_record_payment(
    '00000000-0000-0000-0000-000000000025'::uuid,
    '00000000-0000-0000-0002-000000000002'::uuid,
    2500.00, 'monthly'::school_fin.subscription_type,
    (CURRENT_DATE - INTERVAL '2 months')::date,
    '00000000-0000-0000-0000-000000000001'::uuid,
    NULL
);
CALL school_fin.pr_record_payment(
    '00000000-0000-0000-0000-000000000020'::uuid,
    '00000000-0000-0000-0002-000000000003'::uuid,
    16900.00, 'yearly'::school_fin.subscription_type,
    (CURRENT_DATE - INTERVAL '1 month')::date,
    '00000000-0000-0000-0000-000000000001'::uuid,
    NULL
);

-- -------------------------------------------------------------
-- 10. ПРОГРЕСС ПО УРОКАМ
-- -------------------------------------------------------------
-- Соколова (активная студентка — прошла много)
INSERT INTO school_edu.lesson_progress
    (student_id, lesson_id, is_completed, last_viewed_at)
VALUES
('00000000-0000-0000-0000-000000000020', '00000000-0000-0000-0004-000000000001', TRUE,  NOW() - INTERVAL '5 days'),
('00000000-0000-0000-0000-000000000020', '00000000-0000-0000-0004-000000000003', TRUE,  NOW() - INTERVAL '3 days'),
('00000000-0000-0000-0000-000000000020', '00000000-0000-0000-0004-000000000004', TRUE,  NOW() - INTERVAL '2 days'),
('00000000-0000-0000-0000-000000000020', '00000000-0000-0000-0004-000000000008', TRUE,  NOW() - INTERVAL '1 day');

-- Новиков (средняя активность)
INSERT INTO school_edu.lesson_progress
    (student_id, lesson_id, is_completed, last_viewed_at)
VALUES
('00000000-0000-0000-0000-000000000021', '00000000-0000-0000-0004-000000000001', TRUE,  NOW() - INTERVAL '10 days'),
('00000000-0000-0000-0000-000000000021', '00000000-0000-0000-0004-000000000003', FALSE, NOW() - INTERVAL '7 days');

-- Морозова (только начала)
INSERT INTO school_edu.lesson_progress
    (student_id, lesson_id, is_completed, last_viewed_at)
VALUES
('00000000-0000-0000-0000-000000000022', '00000000-0000-0000-0004-000000000001', FALSE, NOW() - INTERVAL '1 day');

-- Волков (прошёл хорошо)
INSERT INTO school_edu.lesson_progress
    (student_id, lesson_id, is_completed, last_viewed_at)
VALUES
('00000000-0000-0000-0000-000000000023', '00000000-0000-0000-0004-000000000001', TRUE,  NOW() - INTERVAL '20 days'),
('00000000-0000-0000-0000-000000000023', '00000000-0000-0000-0004-000000000003', TRUE,  NOW() - INTERVAL '18 days'),
('00000000-0000-0000-0000-000000000023', '00000000-0000-0000-0004-000000000004', TRUE,  NOW() - INTERVAL '15 days');

-- Лебедева
INSERT INTO school_edu.lesson_progress
    (student_id, lesson_id, is_completed, last_viewed_at)
VALUES
('00000000-0000-0000-0000-000000000024', '00000000-0000-0000-0004-000000000006', TRUE,  NOW() - INTERVAL '4 days'),
('00000000-0000-0000-0000-000000000024', '00000000-0000-0000-0004-000000000007', FALSE, NOW() - INTERVAL '1 day');

-- Зайцев (почти не заходил)
INSERT INTO school_edu.lesson_progress
    (student_id, lesson_id, is_completed, last_viewed_at)
VALUES
('00000000-0000-0000-0000-000000000025', '00000000-0000-0000-0004-000000000006', FALSE, NOW() - INTERVAL '20 days');

-- -------------------------------------------------------------
-- 11. СДАЧИ ДОМАШНИХ ЗАДАНИЙ
-- -------------------------------------------------------------

-- Соколова: сдала несколько ДЗ (автопроверка сработает триггером)
INSERT INTO school_edu.homework_submissions
    (homework_id, student_id, answer_text, status)
VALUES
-- Тест (auto) — триггер выставит max_score автоматически
(
    '00000000-0000-0000-0005-000000000001',
    '00000000-0000-0000-0000-000000000020',
    'Ответы: 1-Б, 2-А, 3-В, 4-Б, 5-А, 6-В, 7-Б, 8-А, 9-В, 10-Б',
    'submitted'
),
-- Тест геометрия (auto)
(
    '00000000-0000-0000-0005-000000000004',
    '00000000-0000-0000-0000-000000000020',
    'Ответы: 1-А, 2-В, 3-Б, 4-А, 5-В, 6-А, 7-Б, 8-В',
    'submitted'
),
-- ОГЭ тест (auto)
(
    '00000000-0000-0000-0005-000000000006',
    '00000000-0000-0000-0000-000000000020',
    'Ответы: 1-В, 2-А, 3-Б, 4-В, 5-А, 6-Б, 7-В, 8-А, 9-Б, 10-В, 11-А, 12-Б',
    'submitted'
);

-- Новиков: сдал тест (auto) и ДЗ на производные (manual, ждёт проверки)
INSERT INTO school_edu.homework_submissions
    (homework_id, student_id, answer_text, status)
VALUES
(
    '00000000-0000-0000-0005-000000000001',
    '00000000-0000-0000-0000-000000000021',
    'Ответы: 1-А, 2-В, 3-А, 4-Б, 5-В, 6-А, 7-Б, 8-В, 9-А, 10-Б',
    'submitted'
),
(
    '00000000-0000-0000-0005-000000000002',
    '00000000-0000-0000-0000-000000000021',
    'Задача 1: f(x)=2x+3, f''(x)=2. Задача 2: f(x)=x^2, f''(x)=2x...',
    'submitted'
);

-- Волков: сдал и уже проверено преподавателем вручную
INSERT INTO school_edu.homework_submissions
    (homework_id, student_id, answer_text, status, score,
     checked_by, checked_at)
VALUES
(
    '00000000-0000-0000-0005-000000000002',
    '00000000-0000-0000-0000-000000000023',
    'Полные решения всех 5 задач с пояснениями.',
    'checked', 18,
    '00000000-0000-0000-0000-000000000010',
    NOW() - INTERVAL '14 days'
),
(
    '00000000-0000-0000-0005-000000000003',
    '00000000-0000-0000-0000-000000000023',
    'Решения заданий №5, №7, №12.',
    'checked', 13,
    '00000000-0000-0000-0000-000000000010',
    NOW() - INTERVAL '12 days'
);

-- Лебедева: сдала ДЗ по русскому (manual, ждёт проверки)
INSERT INTO school_edu.homework_submissions
    (homework_id, student_id, answer_text, status)
VALUES
(
    '00000000-0000-0000-0005-000000000005',
    '00000000-0000-0000-0000-000000000024',
    'Выполнила упражнения 1–20, все ответы прикреплены.',
    'submitted'
);

-- Зайцев: ничего не сдал

-- -------------------------------------------------------------
-- 12. ЛОГИ АКТИВНОСТИ (дополнительные — login и просмотры)
-- -------------------------------------------------------------
INSERT INTO school_audit.activity_log
    (user_id, action, entity_type, entity_id, metadata)
VALUES
-- Логины
('00000000-0000-0000-0000-000000000020', 'login', NULL, NULL,
    '{"ip": "192.168.1.1"}'::JSONB),
('00000000-0000-0000-0000-000000000020', 'login', NULL, NULL,
    '{"ip": "192.168.1.1"}'::JSONB),
('00000000-0000-0000-0000-000000000021', 'login', NULL, NULL,
    '{"ip": "10.0.0.2"}'::JSONB),
('00000000-0000-0000-0000-000000000022', 'login', NULL, NULL,
    '{"ip": "10.0.0.3"}'::JSONB),
('00000000-0000-0000-0000-000000000023', 'login', NULL, NULL,
    '{"ip": "172.16.0.4"}'::JSONB),
('00000000-0000-0000-0000-000000000024', 'login', NULL, NULL,
    '{"ip": "172.16.0.5"}'::JSONB);

-- Сдача ДЗ
INSERT INTO school_audit.activity_log
    (user_id, action, entity_type, entity_id, metadata)
VALUES
('00000000-0000-0000-0000-000000000020', 'submit_hw',
    'homework', '00000000-0000-0000-0005-000000000001',
    '{"homework_title": "Тест: структура ЕГЭ"}'::JSONB),
('00000000-0000-0000-0000-000000000021', 'submit_hw',
    'homework', '00000000-0000-0000-0005-000000000002',
    '{"homework_title": "Задачи на производные"}'::JSONB);

-- -------------------------------------------------------------
-- 13. ОБНОВЛЯЕМ MATERIALIZED VIEWS
-- -------------------------------------------------------------
SELECT school_audit.refresh_all_materialized_views();

DO $$
BEGIN
    RAISE NOTICE '===========================================';
    RAISE NOTICE 'Тестовые данные успешно загружены!';
    RAISE NOTICE 'Пользователи:   1 admin, 3 teacher, 6 student';
    RAISE NOTICE 'Темы: 2, Курсы: 3, Модули: 7, Уроки: 9';
    RAISE NOTICE 'ДЗ: 6, Зачисления: 8, Платежи: 7';
    RAISE NOTICE '===========================================';
END;
$$;
